admin,0e89f223e226ae63268cf39152ab75722e811b89d29efb22a852f1667bd22ae0,Admin1,admin1@gmail.com,012345678,admin
fpt,976619b115febc0f5286b424dda42245fb2471d2d426e3f5543852dfe59eccc7,fpt,fpt@gmail.com,0232439,user
admin1,0e89f223e226ae63268cf39152ab75722e811b89d29efb22a852f1667bd22ae0,admin1,admin1@gmail.com,094554515,admin
sady,a187d3bec8c1dc409d79f7c95ad69a526a8295514e8934d361add8a5f91502d3,vujas ,asda@gmail.com,2156,user
sdh,a665a45920422f9d417e4867efdc4fb8a04a1f3fff1fa07e998e86f7f7a27ae3,231,as@gmail.com,06523,user
qwe,489cd5dbc708c7e541de4d7cd91ce6d0f1613573b7fc5b40d3942ccb9555cf35,qwe,qwe@gmail.com,123,user
qwe,d33269fda876caa5087d4c85114a4c714d8cd1b6fbd41dc2b5c7b0518fc93c7a,sdf,sdf@gmail.com,sdf,user
asd,e3b0c44298fc1c149afbf4c8996fb92427ae41e4649b934ca495991b7852b855,asd,asd@gmail.com,qwqw,user
er,e3b0c44298fc1c149afbf4c8996fb92427ae41e4649b934ca495991b7852b855,wer,wer@gmail.com,wer,user
vusy,0bca1012c6d5a764f79e29565fdae9ff120a9f3b9e25cb30454c5e89a4b98a71,vusy,abc@gmail.com,09338,user
1,e3b0c44298fc1c149afbf4c8996fb92427ae41e4649b934ca495991b7852b855,2,sy@gmail.com,3,user
qe,e3b0c44298fc1c149afbf4c8996fb92427ae41e4649b934ca495991b7852b855,qqr,asik@gmail.com,asdasd,user
,e3b0c44298fc1c149afbf4c8996fb92427ae41e4649b934ca495991b7852b855,,sad@gmail.com,,user
asda,4ca669ac3713d1f4aea07dae8dcc0d1c9867d27ea82a3ba4e6158a42206f959b,asd,asd@gmail.com,436,user
user,04f8996da763b7a969b1028ee3007569eaf3a635486ddab211d512c85b9df8fb,user,user@gmail.com,02134,user
